owner_id,pet_name,pet_type,breed,colour,sex,neutered,microchip
1,DEBORAH ,CAT ,ABYSSINIAN ,GREY & WHITE ,F,Y,Y
2,DARCY ,CAT ,ABYSSINIAN ,BLACK AND WHITE ,M,Y,Y
3,BJ ,CAT ,ABYSSINIAN ,GREY AND TABBY ,M,Y,Y
4,MOWGLY ,DOG ,AFFENPINSCHER ,BLACK AND WHITE ,F,Y,Y
5,RIPLEY ,DOG ,AFFENPINSCHER ,BLACK ,F,Y,Y
6,HEAVEN ,DOG ,AFGHAN ,BLUE ,F,N,N
7,ROXY ,DOG ,AIREDALE TERRIER ,BLACK & TAN ,F,Y,Y
8,ROGER ,DOG ,AIREDALE TERRIER ,BLACK AND TAN ,M,Y,Y
9,HEIDI ,DOG ,AIREDALE TERRIER ,BROWN/BLACK ,F,Y,Y
10,BRANDI ,DOG ,AKITA ,FAWN/BLACK/WHITE ,F,N,N
11,MURPHY ,DOG ,ALASKAN MALAMUTE ,BLACK & WHITE ,M,Y,Y
12,SASI ,DOG ,ALASKAN MALAMUTE ,WOLF GREY ,F,N,N
13,ATTICUS ,DOG ,ALASKAN MALAMUTE ,GREY ,M,Y,Y
14,NACKERS ,DOG ,AMERICAN BULL DOG ,WHITE AND TAN ,M,N,N
15,BRUISER ,DOG ,AMERICAN BULL DOG ,WHITE AND BROWN ,M,Y,Y
16,LEXIE ,DOG ,AMERICAN BULL DOG ,BRINDLE ,F,Y,Y
17,MICKEY ,DOG ,AMERICAN COCKER SPANIEL ,BLACK & WHITE ,M,N,N
18,RUMMER ,DOG ,AMERICAN COCKER SPANIEL ,BROWN ROAN ,M,N,N
19,CUSHLA ,DOG ,AMERICAN COCKER SPANIEL ,BLACK ,F,N,N
20,WINSTON ,DOG ,AMERICAN STAFFORDSHIRE TERRIER,BLACK/WHITE ,M,Y,Y
21,TANK ,DOG ,AMERICAN STAFFORDSHIRE TERRIER,BLUE BRINDLE ,M,N,N
22,BELLA ,DOG ,AMERICAN STAFFORDSHIRE TERRIER,FAWN AND WHITE ,F,N,N
23,JENNA ,DOG ,AUSTRALIAN BULLDOG ,WHITE ,F,N,N
24,STELLA ,DOG ,AUSTRALIAN BULLDOG ,RED & WHITE ,F,Y,Y
25,MISHKA ,DOG ,AUSTRALIAN BULLDOG ,RED/WHITE ,F,N,N
26,JETT ,DOG ,AUSTRALIAN CATTLE DOG ,BLACK/GREY ,F,N,Y
27,SKEETA ,DOG ,AUSTRALIAN CATTLE DOG ,BLUE ,M,Y,Y
28,BAILEY ,DOG ,AUSTRALIAN CATTLE DOG ,RED BRINDLE ,F,Y,Y
29,ROSIE ,DOG ,AUSTRALIAN CATTLE DOG X ,BLUE ,F,N,N
30,TASSIE ,DOG ,AUSTRALIAN CATTLE DOG X ,BLUE/RED ,F,Y,Y
31,SASHA ,DOG ,AUSTRALIAN CATTLE DOG X ,BLACK AND WHITE ,F,Y,Y
32,NIKITA3 ,DOG ,AUSTRALIAN SHEPHERD ,BLUE & TAN ,F,N,N
33,RALLY ,DOG ,AUSTRALIAN SHEPHERD ,BLUE MERLE ,M,Y,Y
34,WLBUR ,DOG ,AUSTRALIAN SHEPHERD ,TRI ,M,N,N
35,RONNIE ,DOG ,AUSTRALIAN SILKY TERRIER ,TAN ,M,N,N
36,POPPY ,DOG ,AUSTRALIAN SILKY TERRIER ,BLUE/TAN ,F,Y,Y
37,JACK ,DOG ,AUSTRALIAN SILKY TERRIER ,BLACK/TAN ,M,N,N
38,MILO ,DOG ,AUSTRALIAN TERRIER ,TAN ,M,N,N
39,MIKI ,DOG ,AUSTRALIAN TERRIER ,BLUE/TAN ,M,Y,Y
40,REUBEN ,DOG ,AUSTRALIAN TERRIER ,RED ,M,Y,Y
41,MAISY ,DOG ,AUSTRALIAN TERRIER X ,WHEATEN/WHITE ,F,N,N
42,BONNIE ,DOG ,AUSTRALIAN TERRIER X ,WHITE/TAN ,F,Y,Y
43,ROSIE ,DOG ,AUSTRALIAN TERRIER X ,BROWN ,F,Y,Y
44,MITTEN ,CAT ,AUSTRALIAN TIFFANY ,WHITE ,M,Y,Y
45,WILSON ,DOG ,BASSET HOUND ,TRI ,M,Y,Y
46,LULU ,DOG ,BEAGLE ,TRI COLOUR ,F,Y,Y
47,ELWOOD ,DOG ,BEAGLE ,TRI COLOR ,M,Y,Y
48,LENNY ,DOG ,BEAGLE ,TAN/WHITE ,M,N,N
49,ANUBIS ,DOG ,BELGIAN MALINOIS ,FAWN & BLACK ,M,N,N
50,KINGSTON ,DOG ,BELGIAN SHEPHERD ,BLACK ,M,Y,Y
51,MIKA ,CAT ,BENGAL ,SPOTTED MINK ,M,Y,Y
52,TOM ,CAT ,BENGAL ,SILVER SPOTTED ,M,Y,Y
53,IZZY ,CAT ,BENGAL ,TABBY ,F,Y,Y
54,HOLLY ,DOG ,BERNESE MOUNTAIN DOG ,BLACK/TAN/WHITE ,F,N,N
55,PRESTON ,DOG ,BERNESE MOUNTAIN DOG ,BLACK/TAN WHITE ,M,N,N
56,DIESEL ,DOG ,BERNESE MOUNTAIN DOG ,TRI ,M,Y,Y
57,COCO ,DOG ,BICHON FRISE ,CREAM ,F,Y,Y
58,HONEY ,DOG ,BICHON FRISE ,WHITE ,F,N,N
59,OLIVER ,DOG ,BICHON FRISE X MALTESE ,BLACK ,M,N,N
60,BRONSON ,DOG ,BICHON FRISE X MALTESE ,CREAM & APRICOT ,M,Y,Y
61,COCO ,CAT ,BIRMAN ,SEAL POINT ,F,Y,Y
62,MONTY ,CAT ,BIRMAN ,CHOCOLATE POINT ,M,Y,Y
63,SMOKEY ,CAT ,BIRMAN ,GREY ,F,Y,Y
64,MAX ,DOG ,BLOODHOUND ,WHITE & TAN ,M,N,N
65,GEMMA ,DOG ,BLUE HEELER ,BLUE & RED ,F,N,N
66,NELLY ,DOG ,BLUE HEELER ,TRI COLOUR ,F,Y,Y
67,DASH ,DOG ,BLUE HEELER ,BLUE ,F,N,N
68,TERA ,DOG ,BLUE HEELER X ,WHITE AND BLACK ,F,Y,Y
69,BELLA ,DOG ,BLUE HEELER X ,BLUE ,F,Y,Y
70,TED ,DOG ,BLUE HEELER X ,BLUE TAN AND WHITE ,M,Y,Y
71,HURLEY ,DOG ,BOERBOEL MASTIFF ,BRINDLE ,M,Y,Y
72,CHOP ,DOG ,BOERBOEL MASTIFF ,TAN ,M,N,N
73,LITTLE GIRL ,CAT ,BOMBAY ,BLACK ,F,Y,Y
74,STORM ,DOG ,BORDEAUX ,RED AND WHITE ,F,N,N
75,BELLA ,DOG ,BORDER COLLIE ,TRI-COLOUR ,F,Y,Y
76,CHARLIE ,DOG ,BORDER COLLIE ,BLACK & WHITE ,M,N,N
77,MADDIE ,DOG ,BORDER COLLIE ,BLACK AND WHITE ,F,Y,Y
78,ROSIE ,DOG ,BORDER COLLIE X ,BLACK/WHITE/TAN ,F,N,N
79,BOW ,DOG ,BORDER COLLIE X ,RED & WHITE ,M,Y,Y
80,PARIS ,DOG ,BORDER COLLIE X ,BLACK AND WHITE ,F,Y,Y
81,BILLIE ,DOG ,BORDER COLLIE X KELPIE ,BLACK & WHITE ,F,Y,Y
82,HARRIE ,DOG ,BORDER COLLIE X KELPIE ,RED ,F,Y,Y
83,OLLIE ,DOG ,BORDER COLLIE X KELPIE ,BLACK TAN AND WHITE ,M,Y,Y
84,BUFFY ,DOG ,BORDER TERRIER ,TAN/BLUE ,F,Y,Y
85,AUGIE ,DOG ,BORDER TERRIER ,TAN ,M,N,Y
86,MAX ,DOG ,BORDER TERRIER ,BLACK/TAN ,M,N,N
87,LEONID ,DOG ,BORZOI ,BLACK AND WHITE ,M,Y,Y
88,SASHA ,DOG ,BORZOI ,BLACK & WHITE ,M,Y,Y
89,ZHIVAGO ,DOG ,BORZOI ,BRINDLE ,M,N,N
90,DOZER ,DOG ,BOXER ,TAN ,M,Y,Y
91,OSCAR ,DOG ,BOXER ,TAN/WHITE ,M,Y,Y
92,MISSY ,DOG ,BOXER ,BRINDLE ,F,Y,Y
93,NALA ,DOG ,BOXER X ,BRINDLE ,F,Y,Y
94,OLLIE ,DOG ,BOXER X ,WHITE & TAN ,M,Y,Y
95,BUDDY ,DOG ,BOXER X ,TAN ,M,Y,Y
96,IGGY ,DOG ,BRIARD ,FRAWN ,F,Y,Y
97,COCO ,DOG ,BRIARD ,BLACK ,F,Y,Y
98,FAT ALBERT ,CAT ,BRITISH BLUE ,SEAL POINT ,M,N,N
99,OSCAR ,CAT ,BRITISH BLUE ,GREY ,M,Y,Y
100,ZOE ,CAT ,BRITISH BLUE ,BLUE ,F,Y,Y
101,ALBERT ,CAT ,BRITISH SHORT HAIR ,BLUE ,M,Y,Y
102,MISHA ,CAT ,BRITISH SHORT HAIR ,BLACK ,F,Y,Y
103,DEXTER ,CAT ,BRITISH SHORT HAIR ,GREY TABBY AND WHITE ,M,Y,Y
104,SPIERS ,DOG ,BRITTANY SPANIEL ,ORANG/WHITE ,M,Y,Y
105,MONET ,DOG ,BRITTANY SPANIEL ,ORANGE & WHITE ,M,Y,Y
106,ZEKE ,DOG ,BRITTANY SPANIEL ,RED/WHITE ,M,Y,Y
107,TYSON ,DOG ,BULL ARAB ,LIGHT TAN ,M,N,N
108,LUCY ,DOG ,BULL ARAB ,TAN AND WHITE ,F,N,N
109,HEMI ,DOG ,BULL ARAB ,TAN ,F,N,N
110,TEDDY ,DOG ,BULL TERRIER ,WHITE ,F,N,N
111,BELLA ,DOG ,BULL TERRIER ,BLACK AND WHITE ,F,Y,Y
112,SHERA ,DOG ,BULL TERRIER ,BLACK/WHITE ,F,N,N
113,ESMERALDA ,DOG ,BULLDOG ,WHITE TAN & BLACK ,F,N,N
114,RUBEN ,DOG ,BULLDOG ,RED ,M,Y,Y
115,BOONY ,DOG ,BULLDOG ,BROWN/WHITE ,M,N,N
116,DARNA ,DOG ,BULLMASTIFF ,FAWN ,F,N,N
117,MISTY ,DOG ,BULLMASTIFF ,RED ,F,Y,Y
118,LILLY ,DOG ,BULLMASTIFF ,BRINDLE ,F,Y,Y
119,JAZZI ,DOG ,BULLMASTIFF  X ,TAN & BLACK ,F,Y,Y
120,MOLLY ,DOG ,BULLMASTIFF  X ,BLACK TAN AND WHITE ,F,N,N
121,RILEY ,DOG ,BULLMASTIFF  X ,BRINDLE ,M,Y,Y
122,LILY ,CAT ,BURMESE ,CREAM/LILAC ,F,Y,Y
123,ARCHIE ,CAT ,BURMESE ,BROWN ,M,Y,Y
124,HOLLY ,CAT ,BURMESE ,CHOCOLATE ,F,Y,Y
125,SOLO ,DOG ,CAIRN TERRIER ,FAWN ,M,Y,Y
126,BOUNCER ,DOG ,CAIRN TERRIER ,BRINDLE ,M,Y,Y
127,ANNIE ,DOG ,CAIRN TERRIER ,TAN & WHITE ,F,Y,Y
128,ELECTRA ,DOG ,CANE CORSO ,BLACK AND BRINDLE ,F,N,N
129,HOPE ,DOG ,CANE CORSO ,BLUE ,F,N,N
130,ANNIE ,DOG ,CANE CORSO ,BRINDLE ,F,N,N
131,LEON ,CAT ,CAT ,BLACK & WHITE ,M,Y,Y
132,FREDDY ,CAT ,CAT ,BLACK AND WHITE ,M,Y,Y
133,TAMMY ,CAT ,CAT ,TABBY ,F,N,N
134,SAM ,DOG ,CATAHOULA HOUND ,TAN AND BROWN ,M,N,N
135,COPPER ,DOG ,CATAHOULA HOUND ,BLUE MERLE ,M,Y,Y
136,GEORGE ,DOG ,CATTLE DOG ,BLACK/WHITE ,M,Y,Y
137,JACK ,DOG ,CATTLE DOG ,TAN ,M,Y,Y
138,JAZZ ,DOG ,CATTLE DOG ,BLUE ,F,Y,Y
139,GEORGIE ,DOG ,CAVALIER KING CHARLES SPANIEL ,RUBY & WHITE ,F,N,Y
140,CHARLI ,DOG ,CAVALIER KING CHARLES SPANIEL ,GOLDEN ,F,Y,Y
141,ANNI ,DOG ,CAVALIER KING CHARLES SPANIEL ,TRI ,F,Y,Y
142,SCALLY ,DOG ,CAVOODLE ,FAWN ,M,Y,Y
143,SHADOW ,DOG ,CAVOODLE ,TRI ,F,N,N
144,OSCAR ,DOG ,CAVOODLE ,RED ,M,Y,Y
145,ZOE ,DOG ,CHESAPEAKE ,BROWN ,F,N,N
146,LILLY ,DOG ,CHIHUAHUA ,CHOCOLATE ,F,Y,Y
147,CHAMPSKI ,DOG ,CHIHUAHUA ,WHITE ,M,Y,Y
148,PIPI ,DOG ,CHIHUAHUA ,TAN ,F,Y,Y
149,LOLA ,DOG ,CHIHUAHUA X ,WHITE ,F,Y,Y
150,PHEBE ,DOG ,CHIHUAHUA X ,FAWN ,F,Y,Y
151,RUSTY ,DOG ,CHIHUAHUA X ,BROWN/TAN ,M,Y,Y
152,BUGSIE ,CAT ,CHINCHILLA ,SILVER ,M,Y,Y
153,BUFFY ,CAT ,CHINCHILLA ,GINGER ,F,Y,Y
154,MAYZEE ,DOG ,CHINESE HAIRLESS CRESTED ,BLACK ,F,Y,Y
155,KES ,DOG ,CHINESE HAIRLESS CRESTED ,BLACK / WHITE ,F,Y,Y
156,FLETCHER ,DOG ,CHINESE HAIRLESS CRESTED ,SLATE/SABLE ,M,N,Y
157,SHAYA ,DOG ,CHOW CHOW ,BLACK ,F,Y,Y
158,PADDINGTON ,DOG ,CHOW CHOW ,SANDY YELLOW ,M,N,N
159,CURLY ,DOG ,CHOW CHOW ,CREAM ,M,Y,Y
160,JASPER ,DOG ,COCKER SPANIEL ,GOLD ,M,Y,Y
161,FRANKIE ,DOG ,COCKER SPANIEL ,BLACK WHITE CHEST ,M,Y,Y
162,SAGE ,DOG ,COCKER SPANIEL ,BLACK AND WHITE ,F,Y,Y
163,DARBY ,DOG ,COCKER SPANIEL X ,TAN ,M,Y,Y
164,BUDDY ,DOG ,COCKER SPANIEL X ,BLACK ,M,Y,Y
165,RINDA ,DOG ,COLLIE ,TRI ,F,Y,Y
166,RUSTY ,DOG ,COLLIE ,BLACK & WHITE ,M,Y,Y
167,PHEOBE ,DOG ,COLLIE ,TAN AND WHITE ,F,Y,Y
168,SKYE ,DOG ,COLLIE (ROUGH) ,SABLE/WHITE ,F,Y,Y
169,GRACIE ,DOG ,COLLIE (ROUGH) ,BLUE MERLE ,F,N,N
170,MAMU ,DOG ,COLLIE (ROUGH) ,TRI ,M,Y,Y
171,TOBY ,DOG ,COLLIE X ,BLACK/WHITE ,M,N,N
172,BLAZE ,DOG ,COLLIE X ,BROWN & WHITE ,M,N,N
173,MUPPET ,DOG ,COLLIE X ,TRI ,F,Y,Y
174,BONNIE ,DOG ,COOLIE ,BLUE & BLACK ,F,Y,Y
175,MILA ,DOG ,COOLIE ,BROWN AND WHITE ,F,Y,Y
176,ROY ,DOG ,COOLIE ,BLUE MERLE & WHITE ,M,Y,Y
177,PIPPA ,DOG ,CORGI ,TAN & WHITE ,F,Y,Y
178,TOBY ,DOG ,CORGI ,TAN/WHITE ,M,Y,Y
179,AMBER ,DOG ,CORGI ,TRI ,F,Y,Y
180,JASMINE ,DOG ,CORGI X ,BLACK/WHITE ,F,Y,Y
181,TOBY ,DOG ,CORGI X ,TAN & WHITE ,M,Y,Y
182,MISHKA ,DOG ,CORGI X ,TAN/WHITE ,F,Y,Y
183,TIMMY ,CAT ,CROSS BREED CAT ,TABBY/WHITE ,M,Y,Y
184,MISSY ,CAT ,CROSS BREED CAT ,WHITE/BLACK ,F,Y,Y
185,ALICE ,CAT ,CROSS BREED CAT ,GREY ,F,Y,Y
186,GISH ,DOG ,CROSS BREED DOG ,TAN ,F,Y,Y
187,HOLLY ,DOG ,CROSS BREED DOG ,GOLDEN ,F,Y,Y
188,ZHARA ,DOG ,CROSS BREED DOG ,SAND ,F,Y,Y
189,MOLLY ,DOG ,CURLY COATED RETRIEVER ,LIVER ,F,Y,Y
190,MADDY ,DOG ,CURLY COATED RETRIEVER ,BLACK ,F,Y,Y
191,WALLY ,DOG ,CURLY COATED RETRIEVER ,BROWN ,M,Y,Y
192,CHLOE ,DOG ,DACHSHUND ,BLACK/TAN ,F,Y,Y
193,COCO ,DOG ,DACHSHUND ,RED ,F,Y,Y
194,OLLIE ,DOG ,DACHSHUND ,SHADED RED ,M,Y,Y
195,DAISY ,DOG ,DACHSHUND X ,BLACK AND GREY ,F,N,N
196,MINNIE ,DOG ,DACHSHUND X ,TAN ,F,Y,Y
197,PRINCESS ,DOG ,DALMATIAN ,BLACK & WHITE ,F,N,N
198,SAMPSON ,DOG ,DALMATIAN ,LIVER AND WHITE ,M,N,N
199,GEORGE ,DOG ,DALMATIAN ,BLACK/WHITE ,M,Y,Y
200,ROSIE ,DOG ,DALMATIAN X ,DARK BROWN & SPOTS ,F,Y,Y
201,DAVEY ,DOG ,DEERHOUND ,BRINDLE ,M,Y,Y
202,BUSSY ,DOG ,DEERHOUND ,GREY ,M,Y,Y
203,MORTISHA ,CAT ,DEVON REX ,TORTISHELL ,F,N,N
204,UNCLE FESTA ,CAT ,DEVON REX ,BROWN ,M,N,N
205,MEISHA ,DOG ,DINGO ,TAN ,F,Y,Y
206,CHIEF ,DOG ,DOBERMAN ,RED/TAN ,M,Y,Y
207,BELLA ,DOG ,DOBERMAN ,BLACK/TAN ,F,Y,Y
208,BAILEY ,DOG ,DOBERMAN ,BLACK AND TAN ,M,N,N
209,BISHOP ,DOG ,DOBERMAN X ,BLACK WITH TAN MERLINGS ,M,Y,Y
210,BRONSON ,DOG ,DOGUE DE BORDEAUX X NEAPOLITAN,BRINDLE RED ,M,N,N
211,HARLEY ,DOG ,DOGUE DE BORDEAUX X NEAPOLITAN,RED ,M,N,N
212,NORM ,DOG ,DOGUE DE BORDEAUX X NEAPOLITAN,TAN ,M,Y,Y
213,CLAUDE ,CAT ,DOMESTIC LONG HAIR ,GREY ,M,Y,Y
214,MISHKA ,CAT ,DOMESTIC LONG HAIR ,TORTOUISHELL ,F,Y,Y
215,QUEENIE ,CAT ,DOMESTIC LONG HAIR ,TORTOISESHELL ,F,Y,Y
216,MUMMA BECKY ,CAT ,DOMESTIC SHORT HAIR ,BLACK/WHITE ,F,Y,Y
217,MISSY ,CAT ,DOMESTIC SHORT HAIR ,GREY ,F,Y,Y
218,GINGER ,CAT ,DOMESTIC SHORT HAIR ,GINGER ,M,Y,Y
219,SHADOLL ,DOG ,ENGLISH MASTIFF ,BLACK/TAN ,F,Y,Y
220,POPPY ,DOG ,ENGLISH MASTIFF ,BRINDLE ,F,N,N
221,BENTLEY ,DOG ,ENGLISH MASTIFF ,FAWN/BLACK MASK ,M,N,N
222,BODI ,DOG ,ENGLISH POINTER ,LEMON AND WHITE ,M,Y,Y
223,HENRY ,DOG ,ENGLISH POINTER ,BLACK/WHITE ,M,Y,Y
224,GRENDEL ,DOG ,ENGLISH POINTER ,WHITE/TAN ,F,Y,Y
225,BEN ,DOG ,ENGLISH POINTER X ,BLACK ,M,Y,Y
226,BAY ,DOG ,ENGLISH POINTER X ,WHITE/LIVER SPOTS ,F,Y,Y
227,RUPERT ,DOG ,ENGLISH SPRINGER SPANIEL ,BLACK & WHITE ,M,N,N
228,BESS ,DOG ,ENGLISH SPRINGER SPANIEL ,LIVER & WHITE ,F,N,N
229,ROSIE ,DOG ,ENGLISH SPRINGER SPANIEL ,LIVER WHITE ,F,Y,Y
230,MAX ,DOG ,ENGLISH STAFFY ,BLUE/BRINDLE ,M,N,N
231,GRACE ,DOG ,ENGLISH STAFFY ,BLACK/BRINDLE ,F,Y,Y
232,TINY ,DOG ,ENGLISH STAFFY ,WHITE ,F,Y,Y
233,GARY ,CAT ,EXOTIC ,BLACK & WHITE ,M,Y,Y
234,LOCHEY ,CAT ,EXOTIC ,GREY & WHITE ,M,Y,Y
235,KYLA ,DOG ,Finnish Spitz ,CREAM ,F,Y,Y
236,PHOENIX ,DOG ,Finnish Spitz ,BLACK/WHITE/GREY ,M,Y,Y
237,LILLY ,DOG ,Finnish Spitz ,RED ,F,N,N
238,AXLE ,DOG ,FOX TERRIER ,WHITE AND TAN ,M,N,N
239,GEMMA ,DOG ,FOX TERRIER ,BLACK & WHITE ,F,Y,Y
240,TRIXI ,DOG ,FOX TERRIER ,TAN ,F,Y,Y
241,EVIE ,DOG ,FOX TERRIER X ,BLACK AND WHITE ,F,N,N
242,PIP ,DOG ,FOX TERRIER X ,TRI COLOUR ,F,Y,Y
243,RATTIE ,DOG ,FOX TERRIER X ,WHITE/TAN ,F,Y,Y
244,MAGGIE ,DOG ,FOX TERRIER X JACK RUSSELL ,BLACK & WHITE ,F,N,N
245,MISSY ,DOG ,FOX TERRIER X JACK RUSSELL ,WHITE WITH BLACK SPOTS ,F,Y,Y
246,ZEUS ,DOG ,FOX TERRIER X JACK RUSSELL ,WHITE AND BROWN ,M,N,N
247,HOUND ,DOG ,FOXHOUND ,TRI COLOUR ,M,N,N
248,ELLA ,DOG ,FRENCH BULLDOG ,FAWN AND WHITE ,F,Y,Y
249,PEARL ,DOG ,FRENCH BULLDOG ,TAN/BLACK ,F,N,N
250,VIOLET ,DOG ,FRENCH BULLDOG ,BRINDLE ,F,Y,Y
251,YUKI ,DOG ,GERMAN KOOLIE ,WHITE/GREY ,F,Y,Y
252,ROSE ,DOG ,GERMAN KOOLIE ,BLUE MARLE ,F,N,N
253,HEIDI ,DOG ,GERMAN KOOLIE ,WHITE/BLACK/GREY ,F,Y,Y
254,REX ,DOG ,GERMAN SHEPHERD ,BLACK/TAN ,M,N,N
255,IVY ,DOG ,GERMAN SHEPHERD ,SABLE ,F,Y,Y
256,DIESEL ,DOG ,GERMAN SHEPHERD ,BLACK & TAN ,M,N,N
257,WILLOW ,DOG ,GERMAN SHEPHERD X ,BLACK & BROWN ,F,Y,Y
258,SCRAPPY ,DOG ,GERMAN SHEPHERD X ,SAND & BLACK ,M,Y,Y
259,LEXI ,DOG ,GERMAN SHEPHERD X ,WHITE AND GREY ,F,Y,Y
260,SAM ,DOG ,GERMAN SHORTHAIRED POINTER ,LIVER ,M,N,N
261,WILSON ,DOG ,GERMAN SHORTHAIRED POINTER ,BLACK/WHITE ,M,Y,Y
262,MIA ,DOG ,GERMAN SHORTHAIRED POINTER ,LIVER AND WHITE ,F,N,N
263,JAZZ ,DOG ,GERMAN SPITZ ,CREAM ,F,N,N
264,MAGGIE ,DOG ,GERMAN WIREHAIRED POINTER ,BLACK/ROAN ,F,N,N
265,RUSTY ,DOG ,GERMAN WIREHAIRED POINTER ,LIVER ,M,N,N
266,RAJ ,DOG ,GERMAN WIREHAIRED POINTER ,LIVER/WHITE ,M,N,N
267,BAILEY ,DOG ,GOLDEN RETRIEVER ,CREAM/GOLD ,M,Y,Y
268,BUDDY ,DOG ,GOLDEN RETRIEVER ,GOLDEN ,M,Y,Y
269,MOLLY ,DOG ,GOLDEN RETRIEVER ,DARK GOLD ,F,N,N
270,OTTO ,DOG ,GREAT DANE ,BLACK/WHITE ,M,Y,Y
271,NASH ,DOG ,GREAT DANE ,FAWN ,M,Y,Y
272,CHARLIE ,DOG ,GREAT DANE ,MERLE ,M,Y,Y
273,STORM ,DOG ,GREAT DANE X ,LIVER & WHITE ,F,N,N
274,GUS ,DOG ,GREAT DANE X ,RED ,M,Y,Y
275,DUKE ,DOG ,GREAT DANE X ,TAN ,M,N,N
276,OLLIE ,DOG ,GREYHOUND ,GREY AND WHITE ,M,Y,Y
277,HARLOW ,DOG ,GREYHOUND ,BRINDLE ,F,Y,Y
278,NOELINE ,DOG ,GREYHOUND ,BLACK ,F,N,N
279,EMMA ,DOG ,GRIFFON BRUXELLOIS ,RED ,F,N,N
280,SARAH ,DOG ,GROODLE ,GOLDEN ,F,Y,Y
281,BOSLEY ,DOG ,GROODLE ,BLACK ,M,N,N
282,MAGGIE ,DOG ,GROODLE ,GOLD ,F,Y,Y
283,SUEZY ,DOG ,HEELER ,BLACK/GREY ,F,Y,Y
284,LILLY ,DOG ,HEELER ,WHITE & RED ,F,Y,Y
285,DUTCHI ,DOG ,HEELER ,RED ,F,N,N
286,SNOWY ,DOG ,HEELER X ,GREY/TAN ,M,Y,Y
287,JADE ,DOG ,HEELER X ,GREY/BLACK ,F,Y,Y
288,RINDI ,DOG ,HEELER X ,BLACK & WHITE ,F,Y,Y
289,ROSCOE ,CAT ,HIMALAYAN ,GREY/WHITE ,M,Y,Y
290,SHERPA ,CAT ,HIMALAYAN ,BROWN ,M,Y,Y
291,ROODI ,CAT ,HIMALAYAN ,CHOCOLATE/POINT ,M,Y,Y
292,MILLIE ,DOG ,HUNGARIAN VIZLA ,TAN ,F,N,N
293,GUS ,DOG ,HUNGARIAN VIZLA ,GOLD/BROWN ,M,Y,Y
294,CHIKA ,DOG ,HUNGARIAN VIZLA ,BROWN/GOLD ,F,Y,Y
295,BALOU ,DOG ,HUNTERWAY ,BLACK/TAN ,M,N,N
296,STAN ,DOG ,HUNTERWAY ,BLACK AND TAN ,M,N,N
297,MILLIE ,DOG ,HUNTERWAY ,BLACK & TAN ,F,N,N
298,JAI ,DOG ,HUSKY ,GREY/WHITE ,M,Y,Y
299,TONKA ,DOG ,HUSKY ,WOLF GREY ,M,Y,Y
300,DAKOTA ,DOG ,HUSKY ,GREY ,M,Y,Y
301,BILLIE ,DOG ,IRISH SETTER ,RED ,F,Y,Y
302,REMI ,DOG ,IRISH WOLFHOUND ,RED BRINDLE ,F,N,N
303,MACCA ,DOG ,IRISH WOLFHOUND ,BROWN AND WHITE ,M,Y,Y
304,TULLY ,DOG ,IRISH WOLFHOUND ,FAWN ,F,Y,Y
305,WALLY ,DOG ,ITALIAN GREYHOUND ,BROWN AND WHITE ,M,Y,Y
306,LEVI ,DOG ,ITALIAN GREYHOUND ,FAWN ,M,Y,Y
307,PIP ,DOG ,ITALIAN GREYHOUND ,GREY/WHITE ,M,Y,Y
308,HARRIET ,DOG ,JACK RUSSELL TERRIER ,BLACK/WHITE/TAN ,F,Y,Y
309,RASCAL ,DOG ,JACK RUSSELL TERRIER ,TAN & WHITE ,M,N,N
310,MINNIE ,DOG ,JACK RUSSELL TERRIER ,WHITE & TAN ,F,N,N
311,TURBO ,DOG ,JACK RUSSELL X ,TAN & BLACK ,M,Y,Y
312,DUKE ,DOG ,JACK RUSSELL X ,TRI COLOUR ,M,N,N
313,DAISY ,DOG ,JACK RUSSELL X ,WHITE ,F,N,N
314,ARNIE ,DOG ,JAPANESE SPITZ ,WHITE ,M,Y,Y
315,CHEWIE ,DOG ,KEESHOND ,TAN AND BLACK ,M,Y,Y
316,ZELLA ,DOG ,KELPIE ,BROWN AND WHITE ,F,Y,Y
317,LILY ,DOG ,KELPIE ,BROWN WHITE CHEST ,F,Y,Y
318,DOUGLAS ,DOG ,KELPIE ,BROWN & TAN ,M,Y,Y
319,HOGAN ,DOG ,KELPIE X ,BLACK ,M,Y,Y
320,GEORGE ,DOG ,KELPIE X ,BLACK AND WHITE ,M,N,N
321,JETTI ,DOG ,KELPIE X ,BROWN ,F,Y,Y
322,PATERSON3 ,DOG ,KELPIE X COLLIE ,BLACK/ BROWN ,M,Y,Y
323,TILLY ,DOG ,KELPIE X COLLIE ,BROWN AND WHITE ,F,Y,Y
324,ABBY ,DOG ,KELPIE X COLLIE ,BLACK ,F,Y,Y
325,CHARLIE ,DOG ,KELPIE X COOLIE ,BLACK AND TAN ,M,Y,Y
326,GRACIE ,DOG ,KELPIE X COOLIE ,BLUE MERLE ,F,N,N
327,PIP ,DOG ,KELPIE X COOLIE ,GREY MERLE ,F,N,N
328,SPOT ,DOG ,KELPIE X HEELER ,BLACK/WHITE ,M,Y,Y
329,VELVET ,DOG ,KERRY BLUE TERRIER ,BLUE ,F,N,N
330,OLLIE ,DOG ,KING CHARLES SPANIEL ,RUBY ,M,Y,Y
331,BUSTER ,DOG ,KING CHARLES SPANIEL ,BROWN AND WHITE ,M,Y,Y
332,CLAIRE ,DOG ,KING CHARLES SPANIEL ,BLENHEIM ,F,Y,Y
333,BAZ ,DOG ,KOOLIE ,RED MERLE ,M,N,N
334,MOLLY ,DOG ,KOOLIE ,BLUE ROAN ,F,Y,Y
335,INDAWAY ,DOG ,KOOLIE ,MERLE ,F,Y,Y
336,PEARL ,DOG ,Labradoodle ,CHOCOLATE ,F,Y,Y
337,DRAKO ,DOG ,Labradoodle ,BLACK ,M,Y,Y
338,RUSSELL ,DOG ,Labradoodle ,APRICOT ,M,Y,Y
339,HUDSON ,DOG ,LABRADOR ,CHOCOLATE ,M,Y,Y
340,MAGGIE ,DOG ,LABRADOR ,GOLDEN ,F,N,N
341,REG ,DOG ,LABRADOR ,BLACK ,M,Y,Y
342,KIESHA ,DOG ,LABRADOR X ,BLACK ,F,Y,Y
343,JETTA ,DOG ,LABRADOR X ,BLACK W/ GREY ,F,Y,Y
344,BUSTA ,DOG ,LABRADOR X ,GOLDEN ,M,Y,Y
345,RUBY ,DOG ,LABRADOR X POODLE ,RED ,F,Y,Y
346,CHLOE ,DOG ,LABRADOR X POODLE ,BLACK ,F,Y,Y
347,TESS ,DOG ,LABRADOR X POODLE ,CHARCOAL & WHITE ,F,Y,Y
348,AMYTHEST ,DOG ,LHASA APSO ,WHITE ,F,Y,Y
349,ROSIE ,DOG ,LHASA APSO ,GREY/BLACK ,F,Y,Y
350,RED ,DOG ,LURCHER ,RED ,M,Y,Y
351,LYNX ,CAT ,MAINE COON ,TORTIUS SHELL BLACK ,M,Y,Y
352,FOXIE ,CAT ,MAINE COON ,BROWN ,F,Y,Y
353,BUDDY ,CAT ,MAINE COON ,TABBY ,M,Y,Y
354,TIGER ,DOG ,MALT./SHIH TZU X ,WHITE AND TAN ,M,Y,Y
355,POPPY ,DOG ,MALT./SHIH TZU X ,BLACK & WHITE ,F,Y,Y
356,JASPER ,DOG ,MALT./SHIH TZU X ,BLACK & TAN ,M,Y,Y
357,OSCAR ,DOG ,MALTESE ,CREAM ,M,Y,Y
358,MOLLY ,DOG ,MALTESE ,WHITE AND TAN ,F,Y,Y
359,JJ ,DOG ,MALTESE ,WHITE ,M,Y,Y
360,IGGY ,DOG ,MALTESE TERRIER X ,GREY ,M,Y,Y
361,BODKIN ,DOG ,MALTESE TERRIER X ,CREAM ,F,Y,Y
362,KITTIE KAT ,DOG ,MALTESE TERRIER X ,WHITE ,F,Y,Y
363,CHESTER ,DOG ,MANCHESTER TERRIER ,BLACK AND TAN ,M,Y,Y
364,LAVA GIRL ,CAT ,MANX ,WHITE AND GREY ,F,Y,Y
365,MICA ,CAT ,MANX ,SILVERGREY/WHITE ,M,Y,Y
366,SCAMP ,CAT ,MANX ,BLACK ,M,Y,Y
367,MISSY ,DOG ,MAREMMA ,BLACK AND TAN ,F,Y,Y
368,MILLY ,DOG ,MAREMMA ,GOLD & CREAM ,F,N,N
369,HARRY ,DOG ,MAREMMA ,WHITE ,M,Y,Y
370,GUS ,DOG ,MASTIFF ,GREY ,M,N,N
371,ZAC ,DOG ,MASTIFF ,TAN ,M,N,N
372,CHARLEE ,DOG ,MASTIFF ,BROWN ,F,Y,Y
373,LARRY ,DOG ,MASTIFF X ,BROWN ,M,Y,Y
374,BELLA ,DOG ,MASTIFF X ,BLACK/WHITE ,F,Y,Y
375,MALACHY ,DOG ,MASTIFF X ,FAWN & BLACK ,M,N,N
376,ARCHIE ,DOG ,MINATURE SCHNAUZER ,BLACK ,M,Y,Y
377,PENNY ,DOG ,MINATURE SCHNAUZER ,SALT & PEPPER ,F,Y,Y
378,CHUMMLY ,DOG ,MINATURE SCHNAUZER ,BLACK AND SILVER ,M,N,N
379,CHOCO ,DOG ,MINI PINSCHER ,CHOCOLATE ,M,Y,Y
380,PIPPA ,DOG ,MINI PINSCHER ,TAN ,F,Y,Y
381,TRINI ,DOG ,MINI PINSCHER ,RED ,F,Y,Y
382,HEIDI ,DOG ,MINIATURE BULL TERRIER ,BRINDLE AND WHITE ,F,N,N
383,BOO ,DOG ,MINIATURE FOX TERRIER ,BLACK/WHITE/TAN ,F,N,N
384,MINI ,DOG ,MINIATURE FOX TERRIER ,WHITE AND BLACK ,F,N,N
385,SPOT ,DOG ,MINIATURE FOX TERRIER ,TRI COLOUR ,M,Y,Y
386,HERCULESE ,DOG ,MINIATURE FOX TERRIER X ,TRI ,M,Y,Y
387,SATCHMO ,DOG ,MINIATURE FOX TERRIER X ,TAN/WHITE ,M,Y,Y
388,RUBY ,DOG ,MINIATURE FOX TERRIER X ,BLACK AND TAN ,F,Y,Y
389,KITTY ,CAT ,MOGGIE ,WHITE TAN & GREY ,F,Y,Y
390,PANDA ,CAT ,MOGGIE ,WHITE/BLACK ,M,Y,Y
391,MARTY ,CAT ,MOGGIE ,BLACK ,M,Y,Y
392,RUSTY ,DOG ,MURRAY RIVER CURLY COAT ,LIVER ,M,Y,Y
393,LOFTY ,DOG ,MURRAY RIVER CURLY COAT ,RED ,M,Y,Y
394,BINDI ,DOG ,MURRAY RIVER CURLY COAT ,BROWN ,F,N,N
395,SMILLA ,DOG ,NEWFOUNDLAND ,BLACK ,F,Y,Y
396,MARLOWE ,DOG ,NEWFOUNDLAND SHEPHERD X ,BLACK ,M,Y,Y
397,MAYA ,DOG ,NORWEGIAN ELKHOUND ,GREY/SILVER ,F,Y,Y
398,C'OOZIE ,DOG ,NOVA SCOTIA DUCK TOLLING RETRI,RED ,F,Y,Y
399,BENJI ,DOG ,OLD ENGLISH SHEEPDOG ,WHITE/GREY ,M,Y,Y
400,HARRY ,CAT ,ORIENTAL CAT ,BI COLOR TABBY/WHITE ,M,Y,Y
401,KATIE ,CAT ,ORIENTAL CAT ,WHITE & TABBY ,F,Y,Y
402,AMBA ,CAT ,ORIENTAL CAT ,GINGER ,F,Y,Y
403,CARLIE ,DOG ,PAPILLON ,BLACK / WHITE ,F,Y,Y
404,MILLY ,DOG ,PAPILLON ,APRICOT & WHITE ,F,Y,Y
405,ABBI ,DOG ,PAPILLON ,WHITE/TAN ,F,Y,Y
406,BEN E ,DOG ,PARSON RUSSELL TERRIER ,WHITE/CHESTNUT ,M,Y,Y
407,CHILLI ,DOG ,PARSON RUSSELL TERRIER ,WHITE & BLACK ,F,Y,Y
408,LILLIE ,DOG ,PARSON RUSSELL TERRIER ,WHITE ,F,Y,Y
409,PEPPER ,DOG ,PATTERDALE TERRIER ,BLACK ,F,N,N
410,KUZYA ,DOG ,PEKINGESE ,BROWN ,M,N,N
411,DANE ,DOG ,PEKINGESE ,CREAM & BLACK ,M,Y,Y
412,DOG ,DOG ,PEMBROKE ,RED/WHITE ,M,Y,Y
413,JENNY ,DOG ,PEMBROKE ,TRI-COLOUR ,F,N,N
414,JASPER ,CAT ,PERSIAN ,GREY ,M,Y,Y
415,CALYPSO ,CAT ,PERSIAN ,GINGER ,M,N,N
416,JAZZ ,CAT ,PERSIAN ,BLACK/WHITE ,M,Y,Y
417,TWITTER ,CAT ,PETERBALD ,TABBY ,F,N,N
418,BARBIE ,CAT ,PETERBALD ,CHOC/WHITE TICKED ,F,N,N
419,KITTEN D ,CAT ,PETERBALD ,CHOC/WHITE POINTED ,M,N,N
420,ANUBI ,DOG ,PHARAOH HOUND ,TAN ,F,Y,Y
421,PURDEY ,DOG ,POINTER ,BLACK & WHITE ,F,Y,Y
422,ROXY ,DOG ,POINTER ,BROWN ,F,N,N
423,BONES ,DOG ,POINTER ,LIVER ,F,Y,Y
424,RILEY ,DOG ,POINTER X ,CHOC / WHITE ,M,Y,Y
425,DOTTIE ,DOG ,POINTER X ,BLACK/WHITE ,F,N,N
426,GUSS ,DOG ,POINTER X ,SAND ,M,Y,Y
427,JASPER ,DOG ,POMERANIAN ,GOLD CREAM ,M,N,N
428,SANDY ,DOG ,POMERANIAN ,TAN ,F,Y,Y
429,CADBURY ,DOG ,POMERANIAN ,BROWN/CARAMAL ,F,Y,Y
430,MICKEY ,DOG ,POMERANIAN X ,BLACK & TAN ,M,Y,Y
431,CANDY ,DOG ,POMERANIAN X ,BEIGE ,F,N,N
432,TARA ,DOG ,POMERANIAN X ,CREAM ,F,Y,Y
433,TOBY ,DOG ,POODLE ,BLACK ,M,Y,Y
434,LUKE VANDALE/HUMPHREY BOGART ,DOG ,POODLE ,LATTE ,M,N,N
435,BOGEY ,DOG ,POODLE ,WHITE ,M,N,N
436,LOUIE ,DOG ,POODLE X ,BLACK/BROWN ,M,Y,Y
437,HENRY ,DOG ,POODLE X ,WHITE ,M,Y,Y
438,MISHA ,DOG ,POODLE X ,BLACK.TAN ,F,Y,Y
439,LOUIE ,DOG ,PUG ,SILVER ,M,N,N
440,ARNIE ,DOG ,PUG ,TAN ,M,Y,Y
441,STELLA ,DOG ,PUG ,BLACK ,F,Y,Y
442,EISHA ,DOG ,PUG X CHITZU ,FAWN/BLACK ,F,Y,Y
443,SCRUFFY ,DOG ,PUG X CHITZU ,CARMEL/WHITE ,M,Y,Y
444,B J ,DOG ,PUGALIER ,SABLE ,M,N,N
445,ZOE ,DOG ,PUGALIER ,FAWN ,F,Y,Y
446,MANGO ,DOG ,PUGALIER ,TAN & WHITE ,F,Y,Y
447,CHIP ,DOG ,PYRENEES MOUNTAIN ,WHITE ,M,Y,Y
448,ANGEL ,DOG ,PYRENEES MOUNTAIN ,WHITE BROWN BLACK ,F,Y,Y
449,APACHE ,DOG ,QUEENSLAND HEELER ,RED ,F,N,N
450,CASSIE ,DOG ,QUEENSLAND HEELER ,BLUE ,F,N,N
451,MABLE ,CAT ,RAG DOLL CAT ,CHOCOLATE POINT ,F,Y,Y
452,FLUFFY ,CAT ,RAG DOLL CAT ,DARK BROWN ,F,Y,Y
453,LILY ,CAT ,RAG DOLL CAT ,BLUE POINT ,F,Y,Y
454,SASHA ,DOG ,RED HEELER ,RED/BLUE ,F,Y,Y
455,BRONIE ,DOG ,RED HEELER ,RED ,F,N,N
456,CHILLI ,DOG ,RED HEELER ,RED & WHITE ,F,Y,Y
457,DANNY ,DOG ,RED HEELER X ,WHITE/TAN ,M,Y,Y
458,SANDI ,DOG ,RED HEELER X ,SANDY ,F,Y,Y
459,TULLY ,DOG ,RED HEELER X ,TAN & WHITE ,F,Y,Y
460,NALA ,DOG ,RETRIEVER ,GOLDEN ,F,Y,Y
461,DUKE ,DOG ,RETRIEVER ,LIVER ,M,N,N
462,MILLIE ,DOG ,RETRIEVER ,BLACK ,F,Y,Y
463,CHUBBA ,DOG ,RHODESIAN RIDGEBACK ,TAN ,F,Y,Y
464,ELLE ,DOG ,RHODESIAN RIDGEBACK ,BROWN ,F,Y,Y
465,NELSON ,DOG ,RHODESIAN RIDGEBACK ,TAN AND BLACK ,M,N,N
466,JAZZ ,DOG ,RHODESIAN RIDGEBACK X ,TAN ,F,Y,Y
467,YOSHI ,DOG ,RHODESIAN RIDGEBACK X ,FAWN ,M,Y,Y
468,SULTAN ,DOG ,RHODESIAN RIDGEBACK X ,BRINDLE ,M,N,N
469,LILY ,DOG ,RIDGEBACK MASTIF ,BEIGE & BLACK ,F,Y,Y
470,ROMA ,DOG ,RIDGEBACK MASTIF ,TAN ,F,Y,Y
471,ROOK ,DOG ,ROTTWEILER ,BLACK AND TAN ,M,Y,Y
472,MARLIE ,DOG ,ROTTWEILER ,BLACK & TAN ,F,Y,Y
473,SHEBA ,DOG ,ROTTWEILER ,BLACK/TAN ,F,Y,Y
474,OOBU ,DOG ,ROTTWEILER X ,BLACK ,F,Y,Y
475,BONNIE ,DOG ,ROTTWEILER X ,BLACK/TAN ,F,Y,Y
476,BUNDY ,DOG ,ROTTWEILER X ,BLACK & TAN ,M,Y,Y
477,RUSKY ,CAT ,RUSSIAN ,GREY ,M,Y,Y
478,SILVER ,CAT ,RUSSIAN ,GREY/BLUE ,F,Y,Y
479,BALBOA ,CAT ,RUSSIAN ,BLUE ,M,Y,Y
480,NARLA ,DOG ,SAINT BERNARD ,BROWN & WHITE ,F,Y,Y
481,JET ,DOG ,SAINT BERNARD ,TRI COLOUR ,M,Y,Y
482,SOPHIE ,DOG ,SAINT BERNARD ,TAN & WHITE ,F,Y,Y
483,SIENNA ,DOG ,SAMOYED ,WHITE ,F,Y,Y
484,EMMA ,DOG ,SARPLANINAC ,TRI COLOUR ,F,Y,Y
485,BEAR ,DOG ,SARPLANINAC ,FAWN.IVORY GREY ,M,Y,Y
486,SALLY ,DOG ,SCHIPPERKE ,CREAM ,F,N,N
487,SALLY ,DOG ,SCHIPPERKE ,BLACK ,F,Y,Y
488,LUCY ,DOG ,SCHNAUZER ,SALT & PEPPER ,F,N,N
489,POLAR ,DOG ,SCHNAUZER ,WHITE ,M,Y,Y
490,OSKAR ,DOG ,SCHNAUZER ,GREY ,M,N,N
491,SAMMY ,DOG ,SCHNOODLE ,BLACK AND GREY ,M,Y,Y
492,EBONY ,DOG ,SCHNOODLE ,BLACK ,F,Y,Y
493,POPPY ,DOG ,SCHNOODLE ,GREY ,F,Y,Y
494,LASS ,DOG ,SCOTCH COLLIE ,SABLE & WHITE ,F,N,N
495,RASCAL ,DOG ,SCOTCH COLLIE ,TRI ,M,N,N
496,.GRACIE ,CAT ,SCOTTISH FOLD ,TORTOISESHELL ,F,Y,Y
497,PIP ,CAT ,SCOTTISH FOLD ,TABBY AND WHITE ,F,Y,Y
498,FERAL ,CAT ,SCOTTISH FOLD ,BLUE CREAM WHITE ,F,N,N
499,MAGGIE ,DOG ,SCOTTISH TERRIER ,BLACK ,F,Y,Y
500,CHARLOTTE ,CAT ,SEAL POINT SIAMESE ,SEAL POINT ,F,Y,Y
299,CRACKER ,CAT ,SEAL POINT SIAMESE ,CREAM/BROWN ,M,Y,Y
140,OSCAR ,DOG ,SHAR PEI ,BLACK/WHITE HAIR AT MOUTH,M,Y,Y
120,ROUCE ,DOG ,SHAR PEI ,CREAM ,M,Y,Y
375,LAELA ,DOG ,SHAR PEI ,BLUE/FAWN ,F,N,N
243,UNKNOWN ,DOG ,SHEEP DOG ,GREY ,M,N,N
467,WALLACE ,DOG ,SHEEP DOG ,BLACK ,M,Y,Y
57,ZEV ,DOG ,SHEEP DOG ,WOLF GREY ,M,N,N
63,ADDISON ,DOG ,SHELTIE ,BLACK/WHITE ,F,N,N
216,MISSY ,DOG ,SHELTIE ,BLACK. WHITE AND TAN ,F,Y,Y
227,QUEENIE ,DOG ,SHELTIE ,MOTTLED GREY BLUE ,F,Y,Y
202,OZZIE ,DOG ,SHETLAND SHEEPDOG ,SABLE WHITE ,M,Y,Y
72,RIVER ,DOG ,SHETLAND SHEEPDOG ,SABLE & WHITE ,M,Y,Y
278,SODA POP ,DOG ,SHETLAND SHEEPDOG ,TRI COLOUR ,F,Y,Y
241,HUGO ,DOG ,SHIH TZU ,LIGHT BROWN ,M,Y,Y
318,DARCY ,DOG ,SHIH TZU ,CREAM ,M,Y,Y
289,CLOVER ,DOG ,SHIH TZU ,TRI ,M,Y,Y
87,DAPHNEY ,DOG ,SHITZHU X ,WHITE AND APRICOT ,F,Y,Y
472,COZMO ,DOG ,SHITZHU X ,GREY ,M,Y,Y
285,ALLY ,DOG ,SHITZHU X ,BLACK ,F,N,N
481,MIA ,CAT ,SIAMESE ,SEAL POINT ,F,N,N
242,LADY HAWKE ,CAT ,SIAMESE ,CREAM/BROWN ,F,Y,Y
297,PICCOLA ,CAT ,SIAMESE ,CHOCOLOATE ,F,Y,Y
229,MEIKA ,DOG ,SIBERIAN HUSKY ,WOLF GREY ,F,Y,Y
329,STUD ,DOG ,SIBERIAN HUSKY ,GREY & WHITE ,M,Y,Y
73,INDI ,DOG ,SIBERIAN HUSKY ,GREY ,F,N,N
146,ELLY ,DOG ,SILKY TERRIER ,BLACK/TAN ,F,Y,Y
277,DIGGER ,DOG ,SILKY TERRIER ,BLACK AND TAN ,M,Y,Y
396,DEXTER ,DOG ,SILKY TERRIER ,BLACK ,M,Y,Y
139,TAZ ,DOG ,SMITHFIELD ,BLACK & WHITE ,M,N,N
206,DOMINO ,DOG ,SMITHFIELD ,BLUE/GREY ,F,N,N
60,RASTUS ,DOG ,SMITHFIELD ,BLACK & LIGHT BROWN ,M,N,N
222,ALFIE ,DOG ,SPANADOR ,BLACK/WHITE ,M,Y,Y
244,PEPPER ,DOG ,SPANIEL ,BLACK & SILVER ,F,Y,Y
494,BETTY ,DOG ,SPANIEL ,GOLD ,F,Y,Y
35,CHELSEA ,DOG ,SPANIEL ,TAN ,F,N,N
84,GINNY ,DOG ,SPANIEL X POODLE ,BLACK ,F,Y,Y
321,CHARLIE ,DOG ,SPANIEL X POODLE ,APRICOT ,M,Y,Y
462,MISSIE ,DOG ,SPANIEL X POODLE ,CREAM & BROWN ,F,Y,Y
269,FRANK ,DOG ,SPOODLE ,GOLD ,M,Y,Y
471,BILLY ,DOG ,SPOODLE ,BROWN/WHITE ,M,Y,Y
58,MAX ,DOG ,SPOODLE ,TAN ,M,Y,Y
496,ZACK ,DOG ,SPORTING TERRIER ,WHITE AND TAN ,M,Y,Y
95,VAN ,DOG ,SPRINGER SPANIEL ,WHITE & BROWN ,M,N,N
12,ROSIE ,DOG ,SPRINGER SPANIEL ,TRI ,F,Y,Y
330,DEFFA ,DOG ,SPRINGER SPANIEL ,BLACK AND WHITE ,M,Y,Y
304,CHASE ,DOG ,STAFFORDSHIRE BULL TERRIER ,TAN ,M,Y,Y
321,ROXY ,DOG ,STAFFORDSHIRE BULL TERRIER ,BLACK ,F,N,N
271,CLYDE ,DOG ,STAFFORDSHIRE BULL TERRIER ,BRINDLE AND WHITE ,M,Y,Y
430,MOLLY ,DOG ,STAFFORDSHIRE BULL TERRIER X ,TAN ,F,Y,Y
234,RUBY ,DOG ,STAFFORDSHIRE BULL TERRIER X ,BROWN ,F,Y,Y
7,DIGBY ,DOG ,STAFFORDSHIRE BULL TERRIER X ,BLACK AND WHITE ,F,Y,Y
25,OTTO ,DOG ,STAGHOUND ,TAN ,M,Y,Y
38,TED ,DOG ,STAGHOUND ,BLACK / GREY / WHITE ,M,Y,Y
47,DARCY ,DOG ,STAGHOUND ,BRINDLE ,M,N,N
6,TILL ,DOG ,STAGHOUND X ,TAN ,F,N,N
19,TARZAN ,DOG ,STAGHOUND X ,GREY ,M,N,N
6,OZZIE ,DOG ,STAGHOUND X ,BLACK & WHITE ,M,N,N
24,RALPHY ,DOG ,SWEDISH VALLHUND ,BLACK & TAN ,M,N,N
42,LARA ,DOG ,SWEDISH VALLHUND ,BLACK/SILVER ,F,Y,Y
50,BELLA ,DOG ,SWISS SHEPHERD ,WHITE ,F,Y,Y
30,MIA ,DOG ,SWISS SHEPHERD ,BLACK & WHITE ,F,N,N
8,SASHA ,CAT ,TABBY ,LIGHT GREY ,F,Y,Y
9,QUINCE ,CAT ,TABBY ,GREY TABBY ,M,Y,Y
24,HARRY ,CAT ,TABBY ,TRICOLOUR ,M,Y,Y
29,SUNNY ,DOG ,TENTERFIELD TERRIER ,TAN AND WHITE ,M,Y,Y
7,NATALIE ,DOG ,TENTERFIELD TERRIER ,TRI ,F,N,N
22,ANNI ,DOG ,TENTERFIELD TERRIER ,"WHITE, BLACK AND TAN ",F,N,N
8,JOHNNIE ,DOG ,TERRIER ,"WHITE, TAN, BLACK ",M,N,N
16,JACK ,DOG ,TERRIER ,BLACK/BROWN ,M,N,N
39,BENJI ,DOG ,TERRIER ,BLACK/TAN ,M,Y,Y
11,BONNIE ,DOG ,TERRIER CROSS ,FAWN ,F,Y,Y
35,SHELBY ,DOG ,TERRIER CROSS ,BLACK/WHITE ,F,Y,Y
6,BUNDY ,DOG ,TERRIER CROSS ,TAN AND WHITE ,M,Y,Y
49,SUKI ,DOG ,TIBETAN MASTIFF ,BLACK & WHITE ,F,Y,Y
6,GRACIE ,DOG ,TIBETAN MASTIFF ,GREY TAN ,F,Y,Y
43,BUCKLEY ,DOG ,TIBETAN SPANIEL ,TAN ,M,Y,Y
11,GEORGIA ,DOG ,TIBETAN SPANIEL ,RED ,F,Y,Y
6,PA-KO ,DOG ,TIBETAN SPANIEL ,"RED, WHITE ",M,Y,Y
2,CALCY ,CAT ,TONKINESE ,WHITE ,F,Y,Y
22,PADDY ,CAT ,TONKINESE ,TAN ,M,Y,Y
2,SALLY ,CAT ,TONKINESE ,BLACK & WHITE ,F,Y,Y
23,SPIDERCAT ,CAT ,TORTOISESHELL ,TORTOISESHELL ,F,Y,Y
4,NINJA ,CAT ,TORTOISESHELL ,WHITE & TAN ,F,Y,Y
15,BUGS ,CAT ,TORTOISESHELL ,ORANGE & WHITE ,F,Y,Y
27,COBBER ,DOG ,TOY POODLE ,BLACK WITH WHITE MARKINGS,M,Y,Y
9,CHARLI ,DOG ,TOY POODLE ,APRICOT ,F,Y,Y
6,LILY ,DOG ,TOY POODLE ,BLACK ,F,Y,Y
28,DUCHESS ,DOG ,WEIMARANER ,GREY ,F,N,N
14,NELLIE ,DOG ,WEIMARANER ,SILVER ,F,Y,Y
28,INDI ,DOG ,WEIMARANER ,SILVER & GREY ,F,N,N
27,MALI ,DOG ,WELSH CORGI ,"BLACK, WHITE, BRINDLE ",F,Y,Y
44,SOOTY ,DOG ,WEST HIGHLAND TERRIER ,BLACK ,M,N,N
22,GRETEL ,DOG ,WEST HIGHLAND TERRIER ,WHITIE ,F,Y,Y
13,BARKLEY ,DOG ,WEST HIGHLAND TERRIER ,WHITE ,M,Y,Y
15,DAISY ,DOG ,WHIPPET ,BLUE/GREY ,F,Y,Y
49,BOOMER ,DOG ,WHIPPET ,BRINDLE/WHITE ,M,Y,Y
34,NALA ,DOG ,WHIPPET ,BRINDLE ,F,Y,Y
29,JESSIE ,DOG ,WHIPPET X ,TAN AND WHITE ,F,Y,Y
18,SNAPPER ,DOG ,WHIPPET X ,BROWN ,M,Y,Y
6,BEAM ,DOG ,WHIPPET X ,TAN/RED AND WHITE ,M,Y,Y
2,RORY ,DOG ,WHITE SHEPHERD ,WHITE ,F,N,N
44,JACK ,DOG ,WIRE HAIRED TERRIER ,WHITE & TAN ,M,Y,Y
26,MOUSIE ,DOG ,YORKSHIRE TERRIER ,BLACK/ TAN ,F,Y,Y
